<?xml version="1.0" encoding="UTF-8"?>
<project-private xmlns="http://www.netbeans.org/ns/project-private/1">
    <editor-bookmarks xmlns="http://www.netbeans.org/ns/editor-bookmarks/2" lastBookmarkId="0"/>
    <open-files xmlns="http://www.netbeans.org/ns/projectui-open-files/2">
        <group>
            <file>file:/C:/Users/Edhoc/OneDrive/Documents/NetBeansProjects/KeeganEdward_FA22_Hw05/src/java/model/homes/StringDataList.java</file>
            <file>file:/C:/Users/Edhoc/OneDrive/Documents/NetBeansProjects/KeeganEdward_FA22_Hw05/src/java/model/homes/StringData.java</file>
            <file>file:/C:/Users/Edhoc/OneDrive/Documents/NetBeansProjects/KeeganEdward_FA22_Hw05/web/webAPIs/1_listUsersAPI_all_code_in_JSP.jsp</file>
            <file>file:/C:/Users/Edhoc/OneDrive/Documents/NetBeansProjects/KeeganEdward_FA22_Hw05/src/java/dbUtils/FormatUtils.java</file>
            <file>file:/C:/Users/Edhoc/OneDrive/Documents/NetBeansProjects/KeeganEdward_FA22_Hw05/src/java/view/HomesView.java</file>
            <file>file:/C:/Users/Edhoc/OneDrive/Documents/NetBeansProjects/KeeganEdward_FA22_Hw05/src/java/dbUtils/DbConn.java</file>
            <file>file:/C:/Users/Edhoc/OneDrive/Documents/NetBeansProjects/KeeganEdward_FA22_Hw05/web/webAPIs/listUsersAPI.jsp</file>
            <file>file:/C:/Users/Edhoc/OneDrive/Documents/NetBeansProjects/KeeganEdward_FA22_Hw05/src/java/view/WebUserView.java</file>
            <file>file:/C:/Users/Edhoc/OneDrive/Documents/NetBeansProjects/KeeganEdward_FA22_Hw05/src/java/model/webUser/StringData.java</file>
            <file>file:/C:/Users/Edhoc/OneDrive/Documents/NetBeansProjects/KeeganEdward_FA22_Hw05/web/webAPIs/2_listUsersAPI_with_DbConn.jsp</file>
            <file>file:/C:/Users/Edhoc/OneDrive/Documents/NetBeansProjects/KeeganEdward_FA22_Hw05/web/webAPIs/listOtherAPI.jsp</file>
            <file>file:/C:/Users/Edhoc/OneDrive/Documents/NetBeansProjects/KeeganEdward_FA22_Hw05/web/js/content/blogContent.js</file>
            <file>file:/C:/Users/Edhoc/OneDrive/Documents/NetBeansProjects/KeeganEdward_FA22_Hw05/web/index.html</file>
            <file>file:/C:/Users/Edhoc/OneDrive/Documents/NetBeansProjects/KeeganEdward_FA22_Hw05/src/java/model/webUser/StringDataList.java</file>
        </group>
    </open-files>
</project-private>
